-- default values for table: paragraph

INSERT INTO "_central"."paragraph" ( "id", "type", "rootId", "left", "right", "name" )
     VALUES ( 1620, 'layout', 1620, 1, 30, 'Generic' ),
            ( 1621, 'html', 1620, 2, 3, 'Slogan' ),
            ( 1624, 'menu', 1620, 4, 5, NULL ),
            ( 1622, 'columns', 1620, 6, 27, NULL ),
            ( 1625, 'column', 1620, 7, 10, NULL ),
            ( 1626, 'contentPlaceholder', 1620, 8, 9, NULL ),
            ( 1623, 'column', 1620, 11, 26, NULL ),
            ( 1641, 'boxes', 1620, 12, 25, NULL ),
            ( 1642, 'box', 1620, 13, 16, NULL ),
            ( 1638, 'login', 1620, 14, 15, NULL ),
            ( 1644, 'box', 1620, 17, 20, NULL ),
            ( 1639, 'html', 1620, 18, 19, NULL ),
            ( 1646, 'box', 1620, 21, 24, NULL ),
            ( 1640, 'tags', 1620, 22, 23, NULL ),
            ( 1627, 'html', 1620, 28, 29, 'Footer' );

-- default values for table: paragraph_property

INSERT INTO "_central"."paragraph_property" ( "paragraphId", "locale", "name", "value" )
     VALUES ( 1621, 'en', 'html', '<h1>Slogan</h1><p style="color: #888888;">Generic Responsive Template</p>' ),
            ( 1620, '*', 'created', '2014-01-13T11:39:20+0000' ),
            ( 1642, 'en', 'title', '' ),
            ( 1624, '*', 'horizontal', '1' ),
            ( 1638, '*', 'displayRegisterLink', '1' ),
            ( 1646, 'en', 'title', 'Tags' ),
            ( 1638, '*', 'displayPasswordRequestLink', '1' ),
            ( 1638, '*', 'displayLoginWithLink', '1' ),
            ( 1624, '*', 'menuId', '1' ),
            ( 1644, 'en', 'title', 'Links' ),
            ( 1627, 'en', 'html', '<p>Powered by GridGuyz</p>' ),
            ( 1639, 'en', 'html', '<p><a href="#">Generic</a><br /><a href="#">Elements</a><br /><a href="#">More Tags</a><br /><a href="#">HTML</a><br /><a href="#">Links</a></p>' );

-- default values for table: customize_rule

INSERT INTO "_central"."customize_rule" ( "id", "selector", "paragraphId", "media" )
     VALUES ( 1048, '#paragraph-1621.paragraph.paragraph-html', 1621, ''  ),
            ( 1049, '#paragraph-1639.paragraph.paragraph-html', 1639, '' ),
            ( 1005, '#paragraph-1620-container.paragraph-container.paragraph-layout-container', 1620, '' ),
            ( 1006, '#paragraph-1620.paragraph.paragraph-layout', 1620, '' ),
            ( 1007, '#paragraph-1620.paragraph.paragraph-layout a', 1620, '' ),
            ( 1008, '#paragraph-1620.paragraph.paragraph-layout a:visited', 1620, '' ),
            ( 1009, '#paragraph-1620.paragraph.paragraph-layout a:active, #paragraph-1620.paragraph.paragraph-layout a:hover, #paragraph-1620.paragraph.paragraph-layout a:focus', 1620, '' ),
            ( 1003, '#paragraph-1623-container.paragraph-container.paragraph-column-container', 1623, '' ),
            ( 1004, '#paragraph-1625-container.paragraph-container.paragraph-column-container', 1625, '' ),
            ( 1035, '#paragraph-1642.paragraph.paragraph-box', 1642, '' ),
            ( 1032, '#paragraph-1624.paragraph.paragraph-menu ul li.active', 1624, '' ),
            ( 1028, '#paragraph-1620.paragraph.paragraph-layout .paragraph.paragraph-box .box-title', 1620, '' ),
            ( 1036, '#paragraph-1642.paragraph.paragraph-box .box-title', 1642, '' ),
            ( 1037, '#paragraph-1638.paragraph.paragraph-login form dl dt, #paragraph-1638.paragraph.paragraph-login form dl dd', 1638, '' ),
            ( 1038, '#paragraph-1620.paragraph.paragraph-layout', 1620, 'only screen and (max-width: 1050px)' ),
            ( 1040, '#paragraph-1638.paragraph.paragraph-login', 1638, '' ),
            ( 1041, '#paragraph-1638.paragraph.paragraph-login h3', 1638, '' ),
            ( 1039, '#paragraph-1620.paragraph.paragraph-layout .paragraph-container.paragraph-column-container', 1620, 'only screen and (max-width: 679px)' ),
            ( 1043, '#paragraph-1624.paragraph.paragraph-menu ul li ul', 1624, 'only screen and (max-width: 679px)' ),
            ( 1042, '#paragraph-1624.paragraph.paragraph-menu ul, #paragraph-1624.paragraph.paragraph-menu ul li', 1624, 'only screen and (max-width: 679px)' ),
            ( 1022, '#paragraph-1624.paragraph.paragraph-menu ul li.active > a, #paragraph-1624.paragraph.paragraph-menu ul li.active > span', 1624, '' ),
            ( 1034, '#paragraph-1620-container.paragraph-container.paragraph-layout-container:after', 1620, '' ),
            ( 1031, '#paragraph-1624.paragraph.paragraph-menu > .paragraph-content > ul > li > a, #paragraph-1624.paragraph.paragraph-menu > .paragraph-content > ul > li > span, #paragraph-1624.paragraph.paragraph-menu > .paragraph-content > ul > li > a:visited', 1624, '' ),
            ( 1019, '#paragraph-1624.paragraph.paragraph-menu ul li a, #paragraph-1624.paragraph.paragraph-menu ul li span, #paragraph-1624.paragraph.paragraph-menu ul li a:visited', 1624, '' ),
            ( 1017, '#paragraph-1624.paragraph.paragraph-menu', 1624, '' ),
            ( 1018, '#paragraph-1624.paragraph.paragraph-menu ul', 1624, '' ),
            ( 1044, '#paragraph-1624.paragraph.paragraph-menu ul li a, #paragraph-1624.paragraph.paragraph-menu ul li a:visited', 1624, '' ),
            ( 1020, '#paragraph-1624.paragraph.paragraph-menu ul:hover', 1624, '' ),
            ( 1021, '#paragraph-1624.paragraph.paragraph-menu ul li a:active, #paragraph-1624.paragraph.paragraph-menu ul li a:hover, #paragraph-1624.paragraph.paragraph-menu ul li a:focus', 1624, '' ),
            ( 1033, '#paragraph-1624.paragraph.paragraph-menu ul li.active a', 1624, '' );

-- default values for table: customize_property

INSERT INTO "_central"."customize_property" ( "id", "ruleId", "name", "value", "priority" )
     VALUES ( 2224, 1007, 'color', '#757575', NULL  ),
            ( 2225, 1008, 'color', '#9f9f9f', NULL ),
            ( 2226, 1009, 'color', '#21759b', NULL ),
            ( 2215, 1003, 'width', '25%', 'important' ),
            ( 2216, 1004, 'width', '75%', 'important' ),
            ( 2274, 1038, 'width', 'auto', NULL ),
            ( 2273, 1038, 'margin-top', '0px', NULL ),
            ( 2239, 1018, 'border-left-width', '0px', NULL ),
            ( 2240, 1018, 'border-right-width', '0px', NULL ),
            ( 2264, 1018, 'border-bottom-width', '0px', NULL ),
            ( 2292, 1018, 'border-top-style', 'none', NULL ),
            ( 2293, 1018, 'border-left-style', 'none', NULL ),
            ( 2294, 1018, 'border-right-style', 'none', NULL ),
            ( 2295, 1018, 'border-bottom-style', 'none', NULL ),
            ( 2247, 1021, 'background-color', '#e0e0e0', NULL ),
            ( 2253, 1032, 'background', 'transparent', NULL ),
            ( 2272, 1038, 'margin-bottom', '0px', NULL ),
            ( 2277, 1041, 'text-transform', 'uppercase', NULL ),
            ( 2275, 1039, 'float', 'none', NULL ),
            ( 2276, 1039, 'width', 'auto', 'important' ),
            ( 2236, 1028, 'text-transform', 'uppercase', NULL ),
            ( 2280, 1043, 'margin-left', '1em', NULL ),
            ( 2279, 1042, 'float', 'none', NULL ),
            ( 2261, 1034, 'height', '1em', NULL ),
            ( 2262, 1034, 'margin-bottom', '-1em', NULL ),
            ( 2278, 1042, 'display', 'block', NULL ),
            ( 2281, 1042, 'position', 'static', NULL ),
            ( 2252, 1022, 'font-weight', 'bold', NULL ),
            ( 2251, 1031, 'background-color', 'transparent', NULL ),
            ( 2233, 1005, 'color', '#444444', NULL ),
            ( 2237, 1005, 'font-size', '10pt', NULL ),
            ( 2267, 1037, 'float', 'none', NULL ),
            ( 2268, 1037, 'margin-bottom', '5px', NULL ),
            ( 2269, 1037, 'text-align', 'left', NULL ),
            ( 2242, 1019, 'padding-top', '10px', NULL ),
            ( 2243, 1019, 'padding-left', '10px', NULL ),
            ( 2244, 1019, 'padding-right', '10px', NULL ),
            ( 2245, 1019, 'padding-bottom', '10px', NULL ),
            ( 2246, 1019, 'background-color', '#f0f0f0', NULL ),
            ( 2254, 1017, 'text-transform', 'uppercase', NULL ),
            ( 2282, 1017, 'border-top-width', '1px', NULL ),
            ( 2283, 1017, 'border-left-width', '0px', NULL ),
            ( 2270, 1037, 'margin-left', '0px', NULL ),
            ( 2271, 1037, 'width', '100%', NULL ),
            ( 2284, 1017, 'border-right-width', '0px', NULL ),
            ( 2285, 1017, 'border-bottom-width', '1px', NULL ),
            ( 2255, 1005, 'margin-top', '-1px', NULL ),
            ( 2238, 1005, 'font-family', '"Lucida Sans Unicode", "Lucida Grande", sans-serif', NULL ),
            ( 2231, 1005, 'padding-top', '1px', NULL ),
            ( 2259, 1005, 'margin-bottom', '-20px', NULL ),
            ( 2258, 1005, 'padding-bottom', '0px', NULL ),
            ( 2217, 1005, 'background-color', '#e8e8e8', NULL ),
            ( 2218, 1006, 'width', '960px', NULL ),
            ( 2257, 1006, 'margin-top', '40px', NULL ),
            ( 2234, 1006, 'box-shadow', '0px 2px 6px #b0b0b0', NULL ),
            ( 2219, 1006, 'padding-top', '0px', NULL ),
            ( 2286, 1017, 'border-top-style', 'solid', NULL ),
            ( 2287, 1017, 'border-left-style', 'none', NULL ),
            ( 2288, 1017, 'border-right-style', 'none', NULL ),
            ( 2289, 1017, 'border-bottom-style', 'solid', NULL ),
            ( 2290, 1017, 'border-top-color', '#f0f0f0', NULL ),
            ( 2291, 1017, 'border-bottom-color', '#f0f0f0', NULL ),
            ( 2263, 1018, 'border-top-width', '0px', NULL ),
            ( 2241, 1018, 'background-color', '#ffffff', NULL ),
            ( 2220, 1006, 'padding-left', '40px', NULL ),
            ( 2221, 1006, 'padding-right', '40px', NULL ),
            ( 2256, 1006, 'margin-bottom', '40px', NULL ),
            ( 2222, 1006, 'padding-bottom', '0px', NULL ),
            ( 2223, 1006, 'background-color', '#ffffff', NULL );
